{"green_and_parks_quality":0.9411764705882353,"pm2.5":5,"comfortable_to_spend_time":1.4166666666666667,"pm10":10,"air_quality":1.3421052631578947,"garbage_disposal_satisfaction":1.3870967741935485,"index_pollution":26.84212717824196,"drinking_water_quality_accessibility":1.0588235294117647,"name":"Albuquerque, NM, United States","monthLastUpdate":2,"clean_and_tidy":0.2727272727272727,"noise_and_light_pollution":-0.6363636363636364,"contributors":38,"yearLastUpdate":2021,"water_pollution":-0.42424242424242425,"city_id":3387}
