{"green_and_parks_quality":0.9027777777777778,"pm2.5":11,"comfortable_to_spend_time":0.8289473684210527,"pm10":23,"air_quality":0.3974358974358974,"garbage_disposal_satisfaction":0.5211267605633803,"index_pollution":44.848306874769655,"drinking_water_quality_accessibility":0.6933333333333334,"name":"Atlanta, GA, United States","monthLastUpdate":11,"clean_and_tidy":0.16,"noise_and_light_pollution":-0.323943661971831,"contributors":79,"yearLastUpdate":2020,"water_pollution":-0.1267605633802817,"city_id":3391}
