{"green_and_parks_quality":1.202020202020202,"pm2.5":9,"comfortable_to_spend_time":1.203883495145631,"pm10":17,"air_quality":0.7450980392156863,"garbage_disposal_satisfaction":1.1063829787234043,"index_pollution":36.36684958341621,"drinking_water_quality_accessibility":0.9897959183673469,"name":"Austin, TX, United States","monthLastUpdate":1,"clean_and_tidy":0.6831683168316832,"noise_and_light_pollution":0.16161616161616163,"contributors":107,"yearLastUpdate":2021,"water_pollution":-0.23711340206185566,"city_id":3393}
