{"green_and_parks_quality":0.5,"pm2.5":8,"comfortable_to_spend_time":0.38461538461538464,"pm10":18,"air_quality":0.5,"garbage_disposal_satisfaction":0.7391304347826086,"index_pollution":50.37601391611886,"drinking_water_quality_accessibility":0.4782608695652174,"name":"Baltimore, MD, United States","monthLastUpdate":11,"clean_and_tidy":-0.2916666666666667,"noise_and_light_pollution":0.2608695652173913,"contributors":28,"yearLastUpdate":2020,"water_pollution":0.5652173913043478,"city_id":3396}
