{"green_and_parks_quality":1.2073170731707317,"pm2.5":7,"comfortable_to_spend_time":1.5060240963855422,"pm10":14,"air_quality":1.1294117647058823,"garbage_disposal_satisfaction":1.037037037037037,"index_pollution":26.828244598133157,"drinking_water_quality_accessibility":1.4457831325301205,"name":"Boston, MA, United States","monthLastUpdate":2,"clean_and_tidy":0.8414634146341463,"noise_and_light_pollution":-0.17721518987341772,"contributors":87,"yearLastUpdate":2021,"water_pollution":-0.6835443037974683,"city_id":3400}
