{"green_and_parks_quality":1.2024539877300613,"pm2.5":8,"comfortable_to_spend_time":1.3233532934131738,"pm10":14,"air_quality":1.1812865497076024,"garbage_disposal_satisfaction":1.2222222222222223,"index_pollution":24.210481403018708,"drinking_water_quality_accessibility":1.532934131736527,"name":"Calgary, Canada","monthLastUpdate":4,"clean_and_tidy":1.0545454545454545,"noise_and_light_pollution":-0.48484848484848486,"contributors":172,"yearLastUpdate":2021,"water_pollution":-1.0061349693251533,"city_id":2341}
