{"green_and_parks_quality":1.2432432432432432,"pm2.5":9,"comfortable_to_spend_time":1.375,"pm10":16,"air_quality":1.075,"garbage_disposal_satisfaction":1.0588235294117647,"index_pollution":28.43891492111306,"drinking_water_quality_accessibility":1.2894736842105263,"name":"Charlotte, NC, United States","monthLastUpdate":11,"clean_and_tidy":0.7368421052631579,"noise_and_light_pollution":-0.1388888888888889,"contributors":42,"yearLastUpdate":2020,"water_pollution":-0.7368421052631579,"city_id":3403}
