{"green_and_parks_quality":1.1111111111111112,"pm2.5":12,"comfortable_to_spend_time":0.85,"pm10":22,"air_quality":0.49264705882352944,"garbage_disposal_satisfaction":0.849624060150376,"index_pollution":43.49417511524598,"drinking_water_quality_accessibility":0.7851851851851852,"name":"Chicago, IL, United States","monthLastUpdate":1,"clean_and_tidy":0.34814814814814815,"noise_and_light_pollution":0.16417910447761194,"contributors":142,"yearLastUpdate":2021,"water_pollution":0.045112781954887216,"city_id":3405}
