{"green_and_parks_quality":1.0740740740740742,"pm2.5":6,"comfortable_to_spend_time":1.3,"pm10":11,"air_quality":1.1515151515151516,"garbage_disposal_satisfaction":0.9285714285714286,"index_pollution":30.887570284122003,"drinking_water_quality_accessibility":1.0714285714285714,"name":"Colorado Springs, CO, United States","monthLastUpdate":11,"clean_and_tidy":0.42857142857142855,"noise_and_light_pollution":-0.03571428571428571,"contributors":33,"yearLastUpdate":2020,"water_pollution":-0.4074074074074074,"city_id":3408}
