{"green_and_parks_quality":1.3414634146341464,"pm2.5":10,"comfortable_to_spend_time":1.4222222222222223,"pm10":20,"air_quality":1.125,"garbage_disposal_satisfaction":1.2380952380952381,"index_pollution":25.317379138574395,"drinking_water_quality_accessibility":1.3636363636363635,"name":"Columbus, OH, United States","monthLastUpdate":11,"clean_and_tidy":0.8837209302325582,"noise_and_light_pollution":-0.35714285714285715,"contributors":48,"yearLastUpdate":2020,"water_pollution":-1.024390243902439,"city_id":3409}
