{"green_and_parks_quality":0.2727272727272727,"pm2.5":8,"comfortable_to_spend_time":0.8285714285714286,"pm10":17,"air_quality":0.5352112676056338,"garbage_disposal_satisfaction":1,"index_pollution":41.91665595857071,"drinking_water_quality_accessibility":0.9701492537313433,"name":"Dallas, TX, United States","monthLastUpdate":11,"clean_and_tidy":0.4264705882352941,"noise_and_light_pollution":-0.06060606060606061,"contributors":72,"yearLastUpdate":2020,"water_pollution":-0.2923076923076923,"city_id":3411}
