{"green_and_parks_quality":1.276190476190476,"pm2.5":8,"comfortable_to_spend_time":0.6902654867256637,"pm10":17,"air_quality":0.14782608695652175,"garbage_disposal_satisfaction":1.1714285714285715,"index_pollution":43.058142287568394,"drinking_water_quality_accessibility":1.1818181818181819,"name":"Denver, CO, United States","monthLastUpdate":1,"clean_and_tidy":0.6330275229357798,"noise_and_light_pollution":-0.08411214953271028,"contributors":115,"yearLastUpdate":2021,"water_pollution":-0.5412844036697247,"city_id":3412}
