{"green_and_parks_quality":-0.5,"pm2.5":8,"comfortable_to_spend_time":0,"pm10":18,"air_quality":0.15384615384615385,"garbage_disposal_satisfaction":-0.2857142857142857,"index_pollution":58.48125843054849,"drinking_water_quality_accessibility":0.6666666666666666,"name":"Detroit, MI, United States","monthLastUpdate":11,"clean_and_tidy":-1.1515151515151516,"noise_and_light_pollution":0.3333333333333333,"contributors":40,"yearLastUpdate":2020,"water_pollution":0.029411764705882353,"city_id":3414}
