{"green_and_parks_quality":1.396694214876033,"pm2.5":9,"comfortable_to_spend_time":1.248062015503876,"pm10":16,"air_quality":0.8615384615384616,"garbage_disposal_satisfaction":1.401639344262295,"index_pollution":29.432513490955138,"drinking_water_quality_accessibility":1.4488188976377954,"name":"Edmonton, Canada","monthLastUpdate":3,"clean_and_tidy":0.71875,"noise_and_light_pollution":-0.208,"contributors":133,"yearLastUpdate":2021,"water_pollution":-0.889763779527559,"city_id":2344}
