{"green_and_parks_quality":0.08333333333333333,"pm2.5":8,"comfortable_to_spend_time":0.875,"pm10":16,"air_quality":0.5789473684210527,"garbage_disposal_satisfaction":0.42857142857142855,"index_pollution":46.35993165938719,"drinking_water_quality_accessibility":0.35714285714285715,"name":"El Paso, TX, United States","monthLastUpdate":1,"clean_and_tidy":-0.14285714285714285,"noise_and_light_pollution":-0.07142857142857142,"contributors":19,"yearLastUpdate":2021,"water_pollution":-0.07692307692307693,"city_id":3416}
