{"green_and_parks_quality":-0.17647058823529413,"comfortable_to_spend_time":0.058823529411764705,"air_quality":-0.3333333333333333,"garbage_disposal_satisfaction":0.625,"index_pollution":60.03915934189768,"drinking_water_quality_accessibility":0.3888888888888889,"name":"Fort Worth, TX, United States","monthLastUpdate":12,"clean_and_tidy":0.3333333333333333,"noise_and_light_pollution":0.05555555555555555,"contributors":18,"yearLastUpdate":2019,"water_pollution":0.05555555555555555,"city_id":3418}
