{"green_and_parks_quality":1.0731707317073171,"pm2.5":7,"comfortable_to_spend_time":1.6744186046511629,"pm10":12,"air_quality":1.391304347826087,"garbage_disposal_satisfaction":1.2195121951219512,"index_pollution":23.117831982390065,"drinking_water_quality_accessibility":1.3658536585365855,"name":"Halifax, Canada","monthLastUpdate":3,"clean_and_tidy":0.8536585365853658,"noise_and_light_pollution":-0.6,"contributors":47,"yearLastUpdate":2021,"water_pollution":-0.5128205128205128,"city_id":7469}
