{"green_and_parks_quality":0.9433962264150944,"pm2.5":10,"comfortable_to_spend_time":0.26785714285714285,"pm10":17,"air_quality":-0.2631578947368421,"garbage_disposal_satisfaction":0.7924528301886793,"index_pollution":54.36811186862551,"drinking_water_quality_accessibility":1.0740740740740742,"name":"Hamilton, Canada","monthLastUpdate":3,"clean_and_tidy":0.2037037037037037,"noise_and_light_pollution":-0.05555555555555555,"contributors":58,"yearLastUpdate":2021,"water_pollution":0.18518518518518517,"city_id":2347}
