{"green_and_parks_quality":0.47586206896551725,"pm2.5":12,"comfortable_to_spend_time":0.43448275862068964,"pm10":25,"air_quality":-0.14285714285714285,"garbage_disposal_satisfaction":0.8732394366197183,"index_pollution":55.696685343651566,"drinking_water_quality_accessibility":0.5625,"name":"Houston, TX, United States","monthLastUpdate":3,"clean_and_tidy":0.06944444444444445,"noise_and_light_pollution":0.1888111888111888,"contributors":149,"yearLastUpdate":2021,"water_pollution":0.2638888888888889,"city_id":3428}
