{"green_and_parks_quality":1.2432432432432432,"pm2.5":8,"comfortable_to_spend_time":1.2926829268292683,"pm10":16,"air_quality":1.0731707317073171,"garbage_disposal_satisfaction":0.8333333333333334,"index_pollution":31.353166908255222,"drinking_water_quality_accessibility":1.0769230769230769,"name":"Kansas City, MO, United States","monthLastUpdate":2,"clean_and_tidy":0.48717948717948717,"noise_and_light_pollution":-0.5897435897435898,"contributors":43,"yearLastUpdate":2021,"water_pollution":-0.20512820512820512,"city_id":3437}
