{"green_and_parks_quality":0.3717948717948718,"pm2.5":9,"comfortable_to_spend_time":0.4880952380952381,"pm10":19,"air_quality":0.07058823529411765,"garbage_disposal_satisfaction":0.654320987654321,"index_pollution":52.9482187563422,"drinking_water_quality_accessibility":0.34146341463414637,"name":"Las Vegas, NV, United States","monthLastUpdate":3,"clean_and_tidy":0.2073170731707317,"noise_and_light_pollution":0.12195121951219512,"contributors":88,"yearLastUpdate":2021,"water_pollution":-0.012658227848101266,"city_id":3438}
