{"green_and_parks_quality":0.8333333333333334,"pm2.5":11,"comfortable_to_spend_time":0.8571428571428571,"pm10":22,"air_quality":0.058823529411764705,"garbage_disposal_satisfaction":1.4166666666666667,"index_pollution":43.58240643737601,"drinking_water_quality_accessibility":1.3076923076923077,"name":"Long Beach, CA, United States","monthLastUpdate":11,"clean_and_tidy":0.15384615384615385,"noise_and_light_pollution":-0.07692307692307693,"contributors":17,"yearLastUpdate":2020,"water_pollution":-0.75,"city_id":3441}
