{"green_and_parks_quality":-0.03550295857988166,"pm2.5":12,"comfortable_to_spend_time":0.0625,"pm10":25,"air_quality":-0.5083798882681564,"garbage_disposal_satisfaction":0.39766081871345027,"index_pollution":66.14440116498892,"drinking_water_quality_accessibility":0.27011494252873564,"name":"Los Angeles, CA, United States","monthLastUpdate":4,"clean_and_tidy":-0.4114285714285714,"noise_and_light_pollution":0.5789473684210527,"contributors":180,"yearLastUpdate":2021,"water_pollution":0.42105263157894735,"city_id":3442}
