{"green_and_parks_quality":0,"pm2.5":9,"comfortable_to_spend_time":0.55,"pm10":18,"air_quality":0.5909090909090909,"garbage_disposal_satisfaction":0.11764705882352941,"index_pollution":46.611858954658146,"drinking_water_quality_accessibility":1.1666666666666667,"name":"Memphis, TN, United States","monthLastUpdate":11,"clean_and_tidy":-0.3333333333333333,"noise_and_light_pollution":0.5,"contributors":22,"yearLastUpdate":2020,"water_pollution":-0.05555555555555555,"city_id":3446}
