{"green_and_parks_quality":0.6444444444444445,"pm2.5":8,"comfortable_to_spend_time":0.9574468085106383,"pm10":16,"air_quality":0.8125,"garbage_disposal_satisfaction":0.6593406593406593,"index_pollution":38.97369692034195,"drinking_water_quality_accessibility":0.9230769230769231,"name":"Miami, FL, United States","monthLastUpdate":3,"clean_and_tidy":0.43617021276595747,"noise_and_light_pollution":0.010638297872340425,"contributors":99,"yearLastUpdate":2021,"water_pollution":-0.10869565217391304,"city_id":3448}
