{"green_and_parks_quality":1.4054054054054055,"pm2.5":10,"comfortable_to_spend_time":1.425,"pm10":18,"air_quality":1.125,"garbage_disposal_satisfaction":1.2222222222222223,"index_pollution":29.402530584472512,"drinking_water_quality_accessibility":1.1025641025641026,"name":"Milwaukee, WI, United States","monthLastUpdate":1,"clean_and_tidy":0.6153846153846154,"noise_and_light_pollution":-0.19444444444444445,"contributors":43,"yearLastUpdate":2021,"water_pollution":-0.2894736842105263,"city_id":3449}
