{"green_and_parks_quality":1.4202898550724639,"pm2.5":7,"comfortable_to_spend_time":1.3472222222222223,"pm10":15,"air_quality":1.1805555555555556,"garbage_disposal_satisfaction":1.303030303030303,"index_pollution":26.216249686463108,"drinking_water_quality_accessibility":1.2463768115942029,"name":"Minneapolis, MN, United States","monthLastUpdate":3,"clean_and_tidy":1.1,"noise_and_light_pollution":-0.20588235294117646,"contributors":74,"yearLastUpdate":2021,"water_pollution":-0.6571428571428571,"city_id":3450}
