{"green_and_parks_quality":1.26875,"pm2.5":8,"comfortable_to_spend_time":1.2560975609756098,"pm10":15,"air_quality":0.8343558282208589,"garbage_disposal_satisfaction":0.91875,"index_pollution":32.971073339157925,"drinking_water_quality_accessibility":1.3271604938271604,"name":"Montreal, Canada","monthLastUpdate":3,"clean_and_tidy":0.5802469135802469,"noise_and_light_pollution":-0.031055900621118012,"contributors":168,"yearLastUpdate":2021,"water_pollution":-0.535483870967742,"city_id":7391}
