{"green_and_parks_quality":0.9285714285714286,"pm2.5":9,"comfortable_to_spend_time":1.3409090909090908,"pm10":19,"air_quality":0.8,"garbage_disposal_satisfaction":0.8780487804878049,"index_pollution":35.7135860664329,"drinking_water_quality_accessibility":0.9512195121951219,"name":"Nashville, TN, United States","monthLastUpdate":11,"clean_and_tidy":0.5116279069767442,"noise_and_light_pollution":-0.21951219512195122,"contributors":47,"yearLastUpdate":2020,"water_pollution":-0.28205128205128205,"city_id":8029}
