{"green_and_parks_quality":0.5876288659793815,"pm2.5":7,"comfortable_to_spend_time":0.34328358208955223,"pm10":14,"air_quality":-0.13861386138613863,"garbage_disposal_satisfaction":-0.17010309278350516,"index_pollution":57.87951812485326,"drinking_water_quality_accessibility":0.8375634517766497,"name":"New York, NY, United States","monthLastUpdate":3,"clean_and_tidy":-0.6381909547738693,"noise_and_light_pollution":0.751269035532995,"contributors":210,"yearLastUpdate":2021,"water_pollution":-0.005208333333333333,"city_id":3455}
