{"green_and_parks_quality":0.5483870967741935,"pm2.5":8,"comfortable_to_spend_time":0.9393939393939394,"pm10":16,"air_quality":0.8857142857142857,"garbage_disposal_satisfaction":0.7096774193548387,"index_pollution":36.224930056965654,"drinking_water_quality_accessibility":1.3225806451612903,"name":"Oakland, CA, United States","monthLastUpdate":2,"clean_and_tidy":-0.22580645161290322,"noise_and_light_pollution":0.1,"contributors":35,"yearLastUpdate":2021,"water_pollution":-0.6666666666666666,"city_id":3459}
