{"green_and_parks_quality":1.2352941176470589,"pm2.5":7,"comfortable_to_spend_time":1.2105263157894737,"pm10":15,"air_quality":1.1428571428571428,"garbage_disposal_satisfaction":0.8235294117647058,"index_pollution":29.700010675776667,"drinking_water_quality_accessibility":1.1764705882352942,"name":"Omaha, NE, United States","monthLastUpdate":11,"clean_and_tidy":0.47058823529411764,"noise_and_light_pollution":-0.058823529411764705,"contributors":21,"yearLastUpdate":2020,"water_pollution":-0.7058823529411765,"city_id":3461}
