{"green_and_parks_quality":1.3430656934306568,"pm2.5":7,"comfortable_to_spend_time":1.5517241379310345,"pm10":12,"air_quality":1.3835616438356164,"garbage_disposal_satisfaction":1.0719424460431655,"index_pollution":21.576191106855678,"drinking_water_quality_accessibility":1.5208333333333333,"name":"Ottawa, Canada","monthLastUpdate":4,"clean_and_tidy":1.006993006993007,"noise_and_light_pollution":-0.5071428571428571,"contributors":149,"yearLastUpdate":2021,"water_pollution":-0.8633093525179856,"city_id":2359}
