{"green_and_parks_quality":0.625,"pm2.5":9,"comfortable_to_spend_time":0.6060606060606061,"pm10":20,"air_quality":0.17647058823529413,"garbage_disposal_satisfaction":0.03225806451612903,"index_pollution":53.71581912166222,"drinking_water_quality_accessibility":0.6875,"name":"Philadelphia, PA, United States","monthLastUpdate":3,"clean_and_tidy":-0.75,"noise_and_light_pollution":0.48484848484848486,"contributors":37,"yearLastUpdate":2021,"water_pollution":0.2,"city_id":3465}
