{"green_and_parks_quality":0.36470588235294116,"pm2.5":9,"comfortable_to_spend_time":0.17045454545454544,"pm10":18,"air_quality":-0.23076923076923078,"garbage_disposal_satisfaction":1.2222222222222223,"index_pollution":56.507308345956396,"drinking_water_quality_accessibility":0.2558139534883721,"name":"Phoenix, AZ, United States","monthLastUpdate":1,"clean_and_tidy":0.4588235294117647,"noise_and_light_pollution":0.2,"contributors":91,"yearLastUpdate":2021,"water_pollution":-0.07142857142857142,"city_id":3466}
