{"green_and_parks_quality":1.5333333333333334,"pm2.5":8,"comfortable_to_spend_time":1.1962616822429906,"pm10":16,"air_quality":0.954954954954955,"garbage_disposal_satisfaction":0.9428571428571428,"index_pollution":31.19780187079636,"drinking_water_quality_accessibility":1.3738317757009346,"name":"Portland, OR, United States","monthLastUpdate":11,"clean_and_tidy":0.48148148148148145,"noise_and_light_pollution":-0.11320754716981132,"contributors":112,"yearLastUpdate":2020,"water_pollution":-0.5047619047619047,"city_id":3469}
