{"green_and_parks_quality":1.0384615384615385,"pm2.5":9,"comfortable_to_spend_time":1.2592592592592593,"pm10":16,"air_quality":1.2857142857142858,"garbage_disposal_satisfaction":1.125,"index_pollution":28.211882306709892,"drinking_water_quality_accessibility":1.3846153846153846,"name":"Quebec City, Canada","monthLastUpdate":2,"clean_and_tidy":0.8076923076923077,"noise_and_light_pollution":0.08333333333333333,"contributors":30,"yearLastUpdate":2021,"water_pollution":-0.23076923076923078,"city_id":7577}
