{"green_and_parks_quality":1.4634146341463414,"pm2.5":9,"comfortable_to_spend_time":1.3863636363636365,"pm10":19,"air_quality":1.3777777777777778,"garbage_disposal_satisfaction":1.170731707317073,"index_pollution":22.612670013847477,"drinking_water_quality_accessibility":1.3333333333333333,"name":"Raleigh, NC, United States","monthLastUpdate":12,"clean_and_tidy":1.0238095238095237,"noise_and_light_pollution":-0.6428571428571429,"contributors":46,"yearLastUpdate":2020,"water_pollution":-0.75,"city_id":3470}
