{"green_and_parks_quality":1.0416666666666667,"pm2.5":8,"comfortable_to_spend_time":0.7,"pm10":14,"air_quality":0.18867924528301888,"garbage_disposal_satisfaction":1.2173913043478262,"index_pollution":44.71176569974544,"drinking_water_quality_accessibility":0.8163265306122449,"name":"Sacramento, CA, United States","monthLastUpdate":1,"clean_and_tidy":0.5416666666666666,"noise_and_light_pollution":-0.17391304347826086,"contributors":53,"yearLastUpdate":2021,"water_pollution":-0.3695652173913043,"city_id":3475}
