{"green_and_parks_quality":0.43243243243243246,"pm2.5":5,"comfortable_to_spend_time":0.6666666666666666,"pm10":11,"air_quality":0.5365853658536586,"garbage_disposal_satisfaction":0.6111111111111112,"index_pollution":44.96374888455806,"drinking_water_quality_accessibility":0.7894736842105263,"name":"San Antonio, TX, United States","monthLastUpdate":11,"clean_and_tidy":0.13157894736842105,"noise_and_light_pollution":-0.13157894736842105,"contributors":42,"yearLastUpdate":2020,"water_pollution":0.02702702702702703,"city_id":3480}
