{"green_and_parks_quality":1.135135135135135,"pm2.5":9,"comfortable_to_spend_time":1.205128205128205,"pm10":19,"air_quality":0.975,"garbage_disposal_satisfaction":1.2837837837837838,"index_pollution":35.24101718556607,"drinking_water_quality_accessibility":0.6164383561643836,"name":"San Diego, CA, United States","monthLastUpdate":3,"clean_and_tidy":0.7330666666666668,"noise_and_light_pollution":-0.18666666666666668,"contributors":81,"yearLastUpdate":2021,"water_pollution":0.1232876712328767,"city_id":3482}
