{"green_and_parks_quality":0.7319587628865979,"pm2.5":8,"comfortable_to_spend_time":0.6534653465346535,"pm10":16,"air_quality":0.4174757281553398,"garbage_disposal_satisfaction":0.4270833333333333,"index_pollution":47.5400746004118,"drinking_water_quality_accessibility":0.797979797979798,"name":"San Francisco, CA, United States","monthLastUpdate":1,"clean_and_tidy":-0.6534653465346535,"noise_and_light_pollution":0.40404040404040403,"contributors":105,"yearLastUpdate":2021,"water_pollution":-0.25,"city_id":3483}
