{"green_and_parks_quality":1.2462686567164178,"pm2.5":6,"comfortable_to_spend_time":1.2814814814814814,"pm10":12,"air_quality":1.1642857142857144,"garbage_disposal_satisfaction":1.1804511278195489,"index_pollution":28.631997609072208,"drinking_water_quality_accessibility":1.3970588235294117,"name":"Seattle, WA, United States","monthLastUpdate":1,"clean_and_tidy":0.48175182481751827,"noise_and_light_pollution":0.02962962962962963,"contributors":141,"yearLastUpdate":2021,"water_pollution":-0.5037593984962406,"city_id":3487}
