{"green_and_parks_quality":0.9079754601226994,"pm2.5":9,"comfortable_to_spend_time":0.927710843373494,"pm10":16,"air_quality":0.6396396396396397,"garbage_disposal_satisfaction":0.8073394495412844,"index_pollution":37.75284338427928,"drinking_water_quality_accessibility":1.2408536585365855,"name":"Toronto, Canada","monthLastUpdate":3,"clean_and_tidy":0.4939759036144578,"noise_and_light_pollution":-0.08256880733944955,"contributors":338,"yearLastUpdate":2021,"water_pollution":-0.4984423676012461,"city_id":2370}
