{"green_and_parks_quality":0.6140350877192983,"pm2.5":6,"comfortable_to_spend_time":1.5344827586206897,"pm10":11,"air_quality":1.3770491803278688,"garbage_disposal_satisfaction":1.1578947368421053,"index_pollution":26.153246901585657,"drinking_water_quality_accessibility":0.9649122807017544,"name":"Tucson, AZ, United States","monthLastUpdate":11,"clean_and_tidy":0.7719298245614035,"noise_and_light_pollution":-0.8070175438596491,"contributors":61,"yearLastUpdate":2020,"water_pollution":-0.42105263157894735,"city_id":3494}
