{"green_and_parks_quality":1.5,"pm2.5":10,"comfortable_to_spend_time":1.5416666666666667,"pm10":14,"air_quality":0.9629629629629629,"garbage_disposal_satisfaction":1.3043478260869565,"index_pollution":29.35632652649145,"drinking_water_quality_accessibility":1.0869565217391304,"name":"Tulsa, OK, United States","monthLastUpdate":11,"clean_and_tidy":0.7727272727272727,"noise_and_light_pollution":-0.6363636363636364,"contributors":27,"yearLastUpdate":2020,"water_pollution":-0.38095238095238093,"city_id":3495}
