{"green_and_parks_quality":0.9090909090909091,"pm2.5":7,"comfortable_to_spend_time":1.2857142857142858,"pm10":9,"air_quality":1.2666666666666666,"garbage_disposal_satisfaction":1.4545454545454546,"index_pollution":27.32721301686819,"drinking_water_quality_accessibility":1.5454545454545454,"name":"Burnaby, Canada","monthLastUpdate":12,"clean_and_tidy":1.0909090909090908,"noise_and_light_pollution":0.5,"contributors":16,"yearLastUpdate":2020,"water_pollution":-0.3333333333333333,"city_id":2340}
