{"green_and_parks_quality":1.4285714285714286,"pm2.5":7,"comfortable_to_spend_time":1.625,"pm10":14,"air_quality":1.4210526315789473,"garbage_disposal_satisfaction":1.2666666666666666,"index_pollution":21.82719730360384,"drinking_water_quality_accessibility":1.2,"name":"Virginia Beach, VA, United States","monthLastUpdate":1,"clean_and_tidy":1.2666666666666666,"noise_and_light_pollution":-0.7142857142857143,"contributors":19,"yearLastUpdate":2021,"water_pollution":-0.5333333333333333,"city_id":3496}
