{"green_and_parks_quality":1.1228070175438596,"pm2.5":7,"comfortable_to_spend_time":1.1475409836065573,"pm10":15,"air_quality":0.6229508196721312,"garbage_disposal_satisfaction":0.7894736842105263,"index_pollution":40.50125763320819,"drinking_water_quality_accessibility":0.6949152542372882,"name":"Washington, DC, United States","monthLastUpdate":3,"clean_and_tidy":0.5689655172413793,"noise_and_light_pollution":0.017543859649122806,"contributors":63,"yearLastUpdate":2021,"water_pollution":0,"city_id":3497}
