{"green_and_parks_quality":0.7456140350877193,"pm2.5":6,"comfortable_to_spend_time":1.0258620689655173,"pm10":22,"air_quality":0.8333333333333334,"garbage_disposal_satisfaction":0.782608695652174,"index_pollution":37.46156599674941,"drinking_water_quality_accessibility":0.9478260869565217,"name":"Winnipeg, Canada","monthLastUpdate":12,"clean_and_tidy":0.02564102564102564,"noise_and_light_pollution":-0.3565217391304348,"contributors":123,"yearLastUpdate":2020,"water_pollution":-0.2905982905982906,"city_id":2375}
